sample,mg_kg_NO3N,location,rep,plot,treatment,gwc,timepoint,mg_kg_NH4N,minN,pH
101,11.07256669,Rubona,1,1,Brachiaria cv. Mulato II,0.11209068,Harvest 1,0.116929712,11.1894964,5.3
102,10.119591,Rubona,1,2,Napier grass,0.132330827,Harvest 1,0.123014578,10.24260558,5.92
103,8.290449844,Rubona,1,3,Desmodium,0.10619469,Harvest 1,0.341568439,8.632018283,5.37
104,6.648437987,Rubona,1,4,Maize monocrop,0.12327044,Harvest 1,0.34938117,6.997819157,5.4
105,8.97442101,Rubona,1,5,Desmodium + maize,0.127921279,Harvest 1,0.428159277,9.402580287,5.28
106,5.445494281,Rubona,1,6,Desmodium + Brachiaria,0.125935162,Harvest 1,0.471142622,5.916636903,5.32
107,3.528901533,Rubona,1,7,Desmodium + Napier,0.139715395,Harvest 1,0.52345224,4.052353773,5.32
108,15.14870807,Rubona,2,8,Desmodium + maize,0.13141994,Harvest 1,0.378414378,15.52712245,5.2
109,5.421172742,Rubona,2,9,Desmodium + Brachiaria,0.118357488,Harvest 1,0.19629908,5.617471822,5.19
110,4.830413517,Rubona,2,10,Napier grass,0.115890084,Harvest 1,0.437506408,5.267919925,5.22
111,3.938701791,Rubona,2,11,Desmodium + Napier,0.120541205,Harvest 1,0.265036169,4.20373796,5.29
112,9.536405627,Rubona,2,12,Desmodium,0.104633782,Harvest 1,0.471344997,10.00775062,5.15
113,7.435932862,Rubona,2,13,Brachiaria cv. Mulato II,0.127596439,Harvest 1,0.547908086,7.983840948,5.28
114,11.30650455,Rubona,2,14,Maize monocrop,0.10102489,Harvest 1,0.433327004,11.73983155,5.24
115,7.667698945,Rubona,3,15,Brachiaria cv. Mulato II,0.143939394,Harvest 1,0.26065981,7.928358755,5.41
116,15.93536969,Rubona,3,16,Desmodium,0.145675266,Harvest 1,0.192086546,16.12745624,5.43
117,9.355489515,Rubona,3,17,Desmodium + maize,0.131818182,Harvest 1,0.438013806,9.793503321,5.61
118,7.082803011,Rubona,3,18,Desmodium + Brachiaria,0.145057766,Harvest 1,0.401836914,7.484639925,5.53
119,12.35954743,Rubona,3,19,Maize monocrop,0.13253012,Harvest 1,0.293006328,12.65255376,5.46
120,5.9390658,Rubona,3,20,Desmodium + Napier,0.145061728,Harvest 1,0.46245343,6.40151923,5.63
121,3.795456709,Rubona,3,21,Napier grass,0.147812971,Harvest 1,0.624236539,4.419693248,5.67
122,6.281150197,Rubona,4,22,Desmodium + Brachiaria,0.12804878,Harvest 1,0.149536107,6.430686304,5.59
123,7.721235993,Rubona,4,23,Maize monocrop,0.326894502,Harvest 1,0.181086843,7.902322836,4.81
124,7.682260427,Rubona,4,24,Desmodium,0.118694362,Harvest 1,0.261808192,7.944068619,5.24
125,4.352471856,Rubona,4,25,Napier grass,0.136778116,Harvest 1,0.209717611,4.562189467,5.27
127,9.233965741,Rubona,4,27,Brachiaria cv. Mulato II,0.127364439,Harvest 1,0.349631781,9.583597522,5.38
128,11.70526527,Rubona,4,28,Desmodium + maize,0.132911392,Harvest 1,0.459039761,12.16430503,5.37
129,12.54405074,Karama,1,1,Brachiaria cv. Mulato II,0.139784946,Harvest 1,0.554763973,13.09881471,5.81
130,14.2235788,Karama,1,2,Napier grass,0.283246978,Harvest 1,0.709317455,14.93289626,5.25
131,13.38876304,Karama,1,3,Desmodium,0.135168961,Harvest 1,0.380000752,13.76876379,5.49
132,11.21743386,Karama,1,4,Maize monocrop,0.151607963,Harvest 1,0.63066236,11.84809622,6.12
133,11.61578428,Karama,1,5,Desmodium + maize,0.151745068,Harvest 1,0.256427372,11.87221165,6.2
134,12.85278538,Karama,1,6,Desmodium + Brachiaria,0.149309912,Harvest 1,0.273816652,13.12660203,5.7
135,8.432303832,Karama,1,7,Desmodium + Napier,0.096582467,Harvest 1,0.278093867,8.710397699,6.42
136,18.23519838,Karama,2,8,Desmodium + maize,0.151376147,Harvest 1,0.418878708,18.65407709,6.2
137,13.74857517,Karama,2,9,Desmodium + Brachiaria,0.150769231,Harvest 1,0.206012718,13.95458789,5.87
138,9.40221985,Karama,2,10,Napier grass,0.121765601,Harvest 1,0.254357113,9.656576963,5.72
139,10.43252585,Karama,2,11,Desmodium + Napier,0.134005764,Harvest 1,0.296494578,10.72902043,5.56
140,15.38025126,Karama,2,12,Desmodium,0.166144201,Harvest 1,0.126537834,15.50678909,5.96
141,9.745015984,Karama,2,13,Brachiaria cv. Mulato II,0.13030303,Harvest 1,0.567333106,10.31234909,6.11
142,9.816176307,Karama,2,14,Maize monocrop,0.122913505,Harvest 1,0.199700317,10.01587662,5.92
143,11.9963387,Karama,3,15,Brachiaria cv. Mulato II,0.148484848,Harvest 1,0.319721783,12.31606048,5.59
144,20.51933794,Karama,3,16,Desmodium,0.147905759,Harvest 1,0.342774379,20.86211232,6.16
145,14.48797905,Karama,3,17,Desmodium + maize,0.13810111,Harvest 1,0.325146019,14.81312507,5.57
146,11.45978609,Karama,3,18,Desmodium + Brachiaria,0.130044843,Harvest 1,0.336744141,11.79653023,6.08
147,13.34831143,Karama,3,19,Maize monocrop,0.154716981,Harvest 1,0.069141501,13.41745293,6
148,11.42758319,Karama,3,20,Desmodium + Napier,0.157894737,Harvest 1,-0.025302963,11.40228023,5.73
149,7.265045496,Karama,3,21,Napier grass,0.123493976,Harvest 1,0.111799012,7.376844508,5.83
150,11.96131052,Karama,4,22,Desmodium + Brachiaria,0.171171171,Harvest 1,0.126739389,12.08804991,5.74
151,15.13612201,Karama,4,23,Maize monocrop,0.137469586,Harvest 1,0.051073547,15.18719556,6
152,12.78823499,Karama,4,24,Desmodium,0.128129602,Harvest 1,0.044388346,12.83262334,6.4
153,13.58784688,Karama,4,25,Napier grass,0.135135135,Harvest 1,0.041196478,13.62904336,6.02
154,8.081004981,Karama,4,26,Desmodium + Napier,0.132390746,Harvest 1,0.094877006,8.175881987,6
155,17.7870182,Karama,4,27,Brachiaria cv. Mulato II,0.177496038,Harvest 1,0.058648707,17.84566691,6.55
156,8.656467276,Karama,4,28,Desmodium + maize,0.148854962,Harvest 1,0.022373734,8.67884101,6.38
157,14.24049672,Burera,1,1,Brachiaria cv. Mulato II,0.334782609,Harvest 1,0.18515316,14.42564988,5.09
158,13.83715884,Burera,1,2,Napier grass,0.31826087,Harvest 1,0.865160636,14.70231948,4.69
159,16.65117248,Burera,1,3,Desmodium,0.320970043,Harvest 1,1.00604909,17.65722157,4.53
160,16.17866235,Burera,1,4,Maize monocrop,0.309314587,Harvest 1,0.957011092,17.13567344,4.52
161,16.15932655,Burera,1,5,Desmodium + maize,0.342245989,Harvest 1,0.735049195,16.89437574,4.56
162,13.88499556,Burera,1,6,Desmodium + Brachiaria,0.335347432,Harvest 1,0.634029953,14.51902551,4.63
163,11.6302586,Burera,1,7,Desmodium + Napier,0.302765648,Harvest 1,0.97229695,12.60255555,4.52
164,12.93838412,Burera,2,8,Desmodium + maize,0.353873239,Harvest 1,0.471094504,13.40947862,4.99
165,11.99316211,Burera,2,9,Desmodium + Brachiaria,0.316901408,Harvest 1,0.63708889,12.630251,4.66
166,8.304989406,Burera,2,10,Napier grass,0.293609672,Harvest 1,0.926657812,9.231647218,4.63
167,15.86040106,Burera,2,11,Desmodium + Napier,0.299483649,Harvest 1,0.848157265,16.70855833,4.67
168,11.10629179,Burera,2,12,Desmodium,0.300142248,Harvest 1,0.592979704,11.69927149,4.47
169,5.980247271,Burera,2,13,Brachiaria cv. Mulato II,0.298984035,Harvest 1,0.346330603,6.326577874,4.71
170,7.923679253,Burera,2,14,Maize monocrop,0.31,Harvest 1,0.654298276,8.577977529,4.68
171,18.67793613,Burera,3,15,Brachiaria cv. Mulato II,0.331588133,Harvest 1,0.785892677,19.46382881,4.37
172,17.23041991,Burera,3,16,Desmodium,0.326164875,Harvest 1,1.107986647,18.33840656,4.42
173,19.37339263,Burera,3,17,Desmodium + maize,0.347670251,Harvest 1,1.023147016,20.39653965,4.71
174,17.43128376,Burera,3,18,Desmodium + Brachiaria,0.34402852,Harvest 1,0.862712054,18.29399581,4.57
175,14.3726815,Burera,3,19,Maize monocrop,0.302023121,Harvest 1,1.076291919,15.44897342,4.42
176,16.24529356,Burera,3,20,Desmodium + Napier,0.327195467,Harvest 1,1.26303415,17.50832771,4.41
177,12.17835013,Burera,3,21,Napier grass,0.305916306,Harvest 1,0.844379463,13.02272959,4.51
178,10.15533789,Burera,4,22,Desmodium + Brachiaria,0.297909408,Harvest 1,0.569245604,10.72458349,4.53
179,11.01822518,Burera,4,23,Maize monocrop,0.296551724,Harvest 1,0.655843217,11.6740684,4.88
180,8.313647913,Burera,4,24,Desmodium,0.294627383,Harvest 1,0.607603428,8.921251341,4.68
181,8.604673625,Burera,4,25,Napier grass,0.297063903,Harvest 1,0.814948918,9.419622543,4.61
182,6.429615515,Burera,4,26,Desmodium + Napier,0.267111853,Harvest 1,0.782903986,7.212519501,4.59
183,9.107394885,Burera,4,27,Brachiaria cv. Mulato II,0.286212914,Harvest 1,0.589469553,9.696864438,4.63
184,6.229480183,Burera,4,28,Desmodium + maize,0.28109029,Harvest 1,0.466050379,6.695530562,4.7
201,11.20548498,Rubona,1,1,Brachiaria cv. Mulato II,0.089970501,Harvest 2,0.260885498,11.46637048,5.62
202,1.469968456,Rubona,1,2,Napier grass,0.084671533,Harvest 2,0.241013242,1.710981698,5.63
203,6.187025833,Rubona,1,3,Desmodium,0.087407407,Harvest 2,0.246127491,6.433153324,5.88
204,1.595132669,Rubona,1,4,Maize monocrop,0.078055965,Harvest 2,0.266566557,1.861699226,5.64
205,3.711002335,Rubona,1,5,Desmodium + maize,0.077697842,Harvest 2,0.217261826,3.928264161,5.62
206,5.225047741,Rubona,1,6,Desmodium + Brachiaria,0.092511013,Harvest 2,0.337303996,5.562351737,5.69
207,2.184333667,Rubona,1,7,Desmodium + Napier,0.082132565,Harvest 2,0.239074824,2.423408491,5.59
208,9.393632738,Rubona,2,8,Desmodium + maize,0.075362319,Harvest 2,0.290747261,9.684379999,5.56
209,5.657830519,Rubona,2,9,Desmodium + Brachiaria,0.080882353,Harvest 2,0.323069474,5.980899993,5.5
210,0.569247057,Rubona,2,10,Napier grass,0.072961373,Harvest 2,0.284311889,0.853558946,5.7
211,5.765290482,Rubona,2,11,Desmodium + Napier,0.074179743,Harvest 2,0.308627525,6.073918007,5.5
212,5.489863624,Rubona,2,12,Desmodium,0.08320951,Harvest 2,0.231063897,5.720927521,5.41
213,5.393165739,Rubona,2,13,Brachiaria cv. Mulato II,0.081513828,Harvest 2,0.282810825,5.675976564,5.5
214,3.7013412,Rubona,2,14,Maize monocrop,0.077147016,Harvest 2,0.375968547,4.077309747,5.67
215,7.689834205,Rubona,3,15,Brachiaria cv. Mulato II,0.089285714,Harvest 2,0.293261044,7.983095249,5.45
216,16.04961798,Rubona,3,16,Desmodium,0.098214286,Harvest 2,0.238107015,16.287725,5.4
217,4.498179575,Rubona,3,17,Desmodium + maize,0.080882353,Harvest 2,0.232421988,4.730601563,5.5
218,4.210575714,Rubona,3,18,Desmodium + Brachiaria,0.076149425,Harvest 2,0.228200982,4.438776696,5.54
219,5.870617728,Rubona,3,19,Maize monocrop,0.09375,Harvest 2,0.229049072,6.0996668,5.47
220,8.612784089,Rubona,3,20,Desmodium + Napier,0.096240602,Harvest 2,0.245365774,8.858149863,5.71
221,6.484201181,Rubona,3,21,Napier grass,0.087149188,Harvest 2,0.288193505,6.772394686,5.77
222,5.340422499,Rubona,4,22,Desmodium + Brachiaria,0.078055965,Harvest 2,0.329038488,5.669460987,5.84
223,6.083215223,Rubona,4,23,Maize monocrop,0.082717873,Harvest 2,0.285067385,6.368282608,5.65
224,8.684355246,Rubona,4,24,Desmodium,0.079295154,Harvest 2,0.24861337,8.932968616,5.48
225,3.11108597,Rubona,4,25,Napier grass,0.082352941,Harvest 2,0.285409035,3.396495005,5.49
226,3.975753947,Rubona,4,26,Desmodium + Napier,0.081991215,Harvest 2,0.311544171,4.287298118,5.57
227,4.954108484,Rubona,4,27,Brachiaria cv. Mulato II,0.067919075,Harvest 2,0.339142663,5.293251147,5.64
228,6.458926187,Rubona,4,28,Desmodium + maize,0.071637427,Harvest 2,0.279722918,6.738649105,5.64
229,16.43810174,Karama,1,1,Brachiaria cv. Mulato II,0.098792536,Harvest 2,0.281554663,16.7196564,5.75
230,10.80556603,Karama,1,2,Napier grass,0.085590466,Harvest 2,0.248435078,11.05400111,5.83
231,14.63105474,Karama,1,3,Desmodium,0.085963003,Harvest 2,0.142701278,14.77375602,5.76
232,11.81964237,Karama,1,4,Maize monocrop,0.082340195,Harvest 2,0.618352022,12.43799439,5.89
233,17.92094027,Karama,1,5,Desmodium + maize,0.200721154,Harvest 2,0.210995005,18.13193528,5.99
234,13.80764493,Karama,1,6,Desmodium + Brachiaria,0.090710383,Harvest 2,0.167935562,13.97558049,6.12
235,11.30351382,Karama,1,7,Desmodium + Napier,0.080906149,Harvest 2,0.225911041,11.52942486,6.27
236,16.43940014,Karama,2,8,Desmodium + maize,0.101210121,Harvest 2,0.161613773,16.60101391,6.17
237,15.6488106,Karama,2,9,Desmodium + Brachiaria,0.088235294,Harvest 2,0.154085332,15.80289593,6
238,12.04410747,Karama,2,10,Napier grass,0.092997812,Harvest 2,0.294376529,12.338484,5.97
239,27.37079863,Karama,2,11,Desmodium + Napier,0.092997812,Harvest 2,1.062597305,28.43339594,5.74
240,17.15126391,Karama,2,12,Desmodium,0.095185996,Harvest 2,0.662691713,17.81395562,5.74
241,13.10759903,Karama,2,13,Brachiaria cv. Mulato II,0.090611354,Harvest 2,0.20242672,13.31002575,6.01
242,12.4288685,Karama,2,14,Maize monocrop,0.083423619,Harvest 2,0.082698536,12.51156704,6.34
243,17.71986592,Karama,3,15,Brachiaria cv. Mulato II,0.095185996,Harvest 2,0.129365446,17.84923137,6.09
244,20.66839343,Karama,3,16,Desmodium,0.089227421,Harvest 2,0.152011571,20.820405,5.83
245,12.25646111,Karama,3,17,Desmodium + maize,0.083333333,Harvest 2,0.07166472,12.32812583,6.66
246,16.45513882,Karama,3,18,Desmodium + Brachiaria,0.092896175,Harvest 2,0.112339608,16.56747843,6.7
247,15.9630573,Karama,3,19,Maize monocrop,0.089130435,Harvest 2,0.15978912,16.12284642,6.47
248,17.1902354,Karama,3,20,Desmodium + Napier,0.113207547,Harvest 2,0.291921894,17.48215729,6.27
249,11.87489294,Karama,3,21,Napier grass,0.093201754,Harvest 2,0.300707913,12.17560085,6.21
250,15.97814866,Karama,4,22,Desmodium + Brachiaria,0.098792536,Harvest 2,0.157368532,16.13551719,5.99
251,16.74845023,Karama,4,23,Maize monocrop,0.086862106,Harvest 2,0.119544141,16.86799437,6.06
252,15.10545223,Karama,4,24,Desmodium,0.073875803,Harvest 2,0.300914826,15.40636706,6.16
253,11.15529394,Karama,4,25,Napier grass,0.106312292,Harvest 2,0.177904194,11.33319813,6.09
254,11.12603185,Karama,4,26,Desmodium + Napier,0.103524229,Harvest 2,0.247141169,11.37317302,5.96
255,16.36006291,Karama,4,27,Brachiaria cv. Mulato II,0.103410341,Harvest 2,0.239186392,16.5992493,6.03
256,11.87913588,Karama,4,28,Desmodium + maize,0.090710383,Harvest 2,0.255244988,12.13438087,6.26
257,20.31270668,Burera,1,1,Brachiaria cv. Mulato II,0.195195195,Harvest 2,0.833090557,21.14579724,4.71
258,18.32637617,Burera,1,2,Napier grass,0.240677966,Harvest 2,0.7738891,19.10026527,4.63
259,29.38642443,Burera,1,3,Desmodium,0.214057508,Harvest 2,0.76227632,30.14870075,4.38
260,25.89673542,Burera,1,4,Maize monocrop,0.193624557,Harvest 2,0.981680597,26.87841602,4.43
261,36.08001405,Burera,1,5,Desmodium + maize,0.221854305,Harvest 2,0.998563099,37.07857715,4.34
262,28.88158589,Burera,1,6,Desmodium + Brachiaria,0.213930348,Harvest 2,1.028248411,29.9098343,4.43
263,18.97352187,Burera,1,7,Desmodium + Napier,0.204918033,Harvest 2,0.819444896,19.79296677,4.32
264,21.57545734,Burera,2,8,Desmodium + maize,0.205997392,Harvest 2,0.885442679,22.46090002,4.61
265,16.15886712,Burera,2,9,Desmodium + Brachiaria,0.182985554,Harvest 2,0.835136794,16.99400391,4.72
266,13.1418582,Burera,2,10,Napier grass,0.209973753,Harvest 2,0.913090783,14.05494898,4.55
267,10.64781609,Burera,2,11,Desmodium + Napier,0.212658228,Harvest 2,0.94610801,11.5939241,4.57
268,25.28862871,Burera,2,12,Desmodium,0.22327044,Harvest 2,0.953762213,26.24239092,4.4
269,8.690345696,Burera,2,13,Brachiaria cv. Mulato II,0.204398448,Harvest 2,0.691353596,9.381699292,4.61
270,9.837798445,Burera,2,14,Maize monocrop,0.205405405,Harvest 2,0.756257274,10.59405572,4.66
271,25.90369007,Burera,3,15,Brachiaria cv. Mulato II,0.198707593,Harvest 2,1.041630835,26.94532091,4.29
272,19.84312999,Burera,3,16,Desmodium,0.195443645,Harvest 2,0.859277515,20.70240751,4.31
273,16.86252887,Burera,3,17,Desmodium + maize,0.208264463,Harvest 2,0.922963542,17.78549241,4.49
274,17.82350536,Burera,3,18,Desmodium + Brachiaria,0.216621253,Harvest 2,1.018610222,18.84211558,4.41
275,19.38006248,Burera,3,19,Maize monocrop,0.183353438,Harvest 2,0.933614962,20.31367744,4.52
276,12.82383377,Burera,3,20,Desmodium + Napier,0.205211726,Harvest 2,0.802264272,13.62609804,4.37
277,13.02649567,Burera,3,21,Napier grass,0.214765101,Harvest 2,0.790823206,13.81731888,4.51
278,10.86879739,Burera,4,22,Desmodium + Brachiaria,0.177033493,Harvest 2,0.878441287,11.74723868,4.52
279,9.88396498,Burera,4,23,Maize monocrop,0.187347932,Harvest 2,0.960905551,10.84487053,4.72
280,16.00518846,Burera,4,24,Desmodium,0.201986755,Harvest 2,0.802056011,16.80724447,4.58
281,6.884714832,Burera,4,25,Napier grass,0.141073658,Harvest 2,0.764008354,7.648723186,4.56
282,5.922053722,Burera,4,26,Desmodium + Napier,0.179066835,Harvest 2,0.688666381,6.610720103,4.67
283,6.680540056,Burera,4,27,Brachiaria cv. Mulato II,0.197712418,Harvest 2,0.678926457,7.359466513,4.7
284,7.269314983,Burera,4,28,Desmodium + maize,0.174876847,Harvest 2,0.644301151,7.913616134,4.71
301,5.273407529,Rubona,1,1,Brachiaria cv. Mulato II,0.075381679,Harvest 3,0.240208931,5.51361646,5.35
302,2.070442916,Rubona,1,2,Napier grass,0.076635514,Harvest 3,0.285513361,2.355956277,5.41
303,5.870740726,Rubona,1,3,Desmodium,0.076271186,Harvest 3,0.159028938,6.029769664,5.31
304,11.76667628,Rubona,1,4,Maize monocrop,0.070450098,Harvest 3,0.991670217,12.7583465,5.25
305,6.867506567,Rubona,1,5,Desmodium + maize,0.083573487,Harvest 3,0.202247285,7.069753852,5.28
306,4.529166865,Rubona,1,6,Desmodium + Brachiaria,0.120197044,Harvest 3,0.426831507,4.955998372,5.48
307,0.500879283,Rubona,1,7,Desmodium + Napier,0.080708661,Harvest 3,0.250840294,0.751719577,5.89
308,9.380461196,Rubona,2,8,Desmodium + maize,0.084645669,Harvest 3,0.247759105,9.628220301,5.68
309,5.600007234,Rubona,2,9,Desmodium + Brachiaria,0.064102564,Harvest 3,0.415696686,6.01570392,5.63
310,2.558845978,Rubona,2,10,Napier grass,0.069268293,Harvest 3,0.21825002,2.777095998,5.52
311,1.721296491,Rubona,2,11,Desmodium + Napier,0.059165858,Harvest 3,0.268985051,1.990281542,5.37
312,5.244788088,Rubona,2,12,Desmodium,0.061764706,Harvest 3,0.315673737,5.560461825,5.18
313,2.377703442,Rubona,2,13,Brachiaria cv. Mulato II,0.065913371,Harvest 3,0.104230076,2.481933518,5.26
314,9.990296807,Rubona,2,14,Maize monocrop,0.075386013,Harvest 3,0.02350992,10.01380673,5.25
315,8.990868544,Rubona,3,15,Brachiaria cv. Mulato II,0.080340265,Harvest 3,0.052359269,9.043227813,5.32
316,19.15663568,Rubona,3,16,Desmodium,0.096806387,Harvest 3,0.217742394,19.37437807,5.17
317,11.81575033,Rubona,3,17,Desmodium + maize,0.093161546,Harvest 3,0.262379445,12.07812978,5.11
318,3.594625692,Rubona,3,18,Desmodium + Brachiaria,0.073076923,Harvest 3,0.625143652,4.219769344,5.24
319,12.90523351,Rubona,3,19,Maize monocrop,0.085798817,Harvest 3,0.108272954,13.01350646,5.24
320,1.748013871,Rubona,3,20,Desmodium + Napier,0.08460076,Harvest 3,0.271588707,2.019602578,5.52
321,3.672373391,Rubona,3,21,Napier grass,0.085170341,Harvest 3,0.198355741,3.870729132,5.53
322,4.754537723,Rubona,4,22,Desmodium + Brachiaria,0.062317429,Harvest 3,0.17152792,4.926065643,5.59
323,4.551660517,Rubona,4,23,Maize monocrop,0.07135778,Harvest 3,0.074443355,4.626103872,5.4
324,7.342378221,Rubona,4,24,Desmodium,0.057251908,Harvest 3,0.144489547,7.486867768,5.18
325,1.379808165,Rubona,4,25,Napier grass,0.07063197,Harvest 3,0.126561326,1.506369491,5.22
326,0.667667304,Rubona,4,26,Desmodium + Napier,0.063848921,Harvest 3,0.054441883,0.722109187,5.39
327,5.195346352,Rubona,4,27,Brachiaria cv. Mulato II,0.0625,Harvest 3,0.162942893,5.358289245,5.33
328,13.54496177,Rubona,4,28,Desmodium + maize,0.12142152,Harvest 3,0.198677659,13.74363943,5.29
329,16.38940926,Karama,1,1,Brachiaria cv. Mulato II,0.165952891,Harvest 3,2.767145361,19.15655462,5.42
330,15.08110408,Karama,1,2,Napier grass,0.167019027,Harvest 3,12.00641408,27.08751816,5.84
331,32.48215627,Karama,1,3,Desmodium,0.141509434,Harvest 3,0.368293961,32.85045023,5.89
332,23.34437276,Karama,1,4,Maize monocrop,0.16972973,Harvest 3,0.249878142,23.5942509,6.07
333,27.04696686,Karama,1,5,Desmodium + maize,0.172774869,Harvest 3,0.211073313,27.25804017,5.79
334,19.21971987,Karama,1,6,Desmodium + Brachiaria,0.08991009,Harvest 3,6.511844768,25.73156464,5.57
335,30.16868103,Karama,1,7,Desmodium + Napier,0.166495375,Harvest 3,0.1652509,30.33393193,6.15
336,26.38632479,Karama,2,8,Desmodium + maize,0.177435897,Harvest 3,0.194299131,26.58062392,5.99
337,26.90589097,Karama,2,9,Desmodium + Brachiaria,0.184599156,Harvest 3,2.363090573,29.26898154,5.93
338,9.18924151,Karama,2,10,Napier grass,0.162618796,Harvest 3,10.26866553,19.45790704,5.81
339,14.52601502,Karama,2,11,Desmodium + Napier,0.173913043,Harvest 3,10.68463651,25.21065153,5.73
340,24.01961691,Karama,2,12,Desmodium,0.203333333,Harvest 3,0.418862354,24.43847926,5.6
341,25.19092074,Karama,2,13,Brachiaria cv. Mulato II,0.159672467,Harvest 3,1.890256935,27.08117768,5.87
342,25.75986972,Karama,2,14,Maize monocrop,0.156122449,Harvest 3,0.309185271,26.06905499,6.29
343,24.42248279,Karama,3,15,Brachiaria cv. Mulato II,0.165289256,Harvest 3,2.531020775,26.95350357,6
344,21.18037486,Karama,3,16,Desmodium,0.189485214,Harvest 3,5.845586516,27.02596138,5.52
345,24.4922306,Karama,3,17,Desmodium + maize,0.173684211,Harvest 3,0.521158539,25.01338914,5.78
346,23.26633125,Karama,3,18,Desmodium + Brachiaria,0.185185185,Harvest 3,0.202589798,23.46892105,5.83
347,19.22915685,Karama,3,19,Maize monocrop,0.182006205,Harvest 3,0.28299831,19.51215516,6.07
348,30.60274202,Karama,3,20,Desmodium + Napier,0.204356846,Harvest 3,4.222621703,34.82536372,6.02
349,23.41448315,Karama,3,21,Napier grass,0.207329843,Harvest 3,8.797546772,32.21202992,5.85
350,24.51751744,Karama,4,22,Desmodium + Brachiaria,0.165970772,Harvest 3,0.56664683,25.08416427,5.7
351,23.99743381,Karama,4,23,Maize monocrop,0.178534572,Harvest 3,4.985049744,28.98248355,5.74
352,18.36211051,Karama,4,24,Desmodium,0.175604627,Harvest 3,0.197194924,18.55930543,5.88
353,29.38183045,Karama,4,25,Napier grass,0.180061038,Harvest 3,0.337412138,29.71924259,5.75
354,28.32553001,Karama,4,26,Desmodium + Napier,0.182410423,Harvest 3,1.027243139,29.35277315,5.62
355,19.70526597,Karama,4,27,Brachiaria cv. Mulato II,0.176842105,Harvest 3,0.368391262,20.07365723,6.23
356,25.7527742,Karama,4,28,Desmodium + maize,0.159798995,Harvest 3,0.273472597,26.0262468,6.22
357,21.69506837,Burera,1,1,Brachiaria cv. Mulato II,0.282282282,Harvest 3,0.720501313,22.41556968,4.76
358,24.9976547,Burera,1,2,Napier grass,0.292740047,Harvest 3,0.784636136,25.78229084,4.61
359,-0.387854064,Burera,1,3,Desmodium,0.260321101,Harvest 3,0.753694645,0.365840581,4.72
360,26.16226306,Burera,1,4,Maize monocrop,0.285714286,Harvest 3,1.127365551,27.28962861,4.58
361,31.87439119,Burera,1,5,Desmodium + maize,0.315049226,Harvest 3,0.790381653,32.66477284,4.4
362,20.78548373,Burera,1,6,Desmodium + Brachiaria,0.284908322,Harvest 3,0.826143111,21.61162684,4.51
363,18.73812447,Burera,1,7,Desmodium + Napier,0.281666667,Harvest 3,0.80305767,19.54118214,4.52
364,-0.187079656,Burera,2,8,Desmodium + maize,0.279792746,Harvest 3,0.677842326,0.49076267,4.86
365,-0.435429027,Burera,2,9,Desmodium + Brachiaria,0.27283237,Harvest 3,0.459291447,0.02386242,4.83
366,17.66999973,Burera,2,10,Napier grass,0.253196931,Harvest 3,0.767074609,18.43707434,4.63
367,15.15041802,Burera,2,11,Desmodium + Napier,0.289405685,Harvest 3,0.761824756,15.91224278,4.67
368,21.71876462,Burera,2,12,Desmodium,0.266119578,Harvest 3,0.73573042,22.45449504,4.38
369,-0.238425168,Burera,2,13,Brachiaria cv. Mulato II,0.276595745,Harvest 3,0.434495068,0.1960699,4.98
370,0.274913657,Burera,2,14,Maize monocrop,0.248863636,Harvest 3,0.455767103,0.73068076,4.77
371,29.51183445,Burera,3,15,Brachiaria cv. Mulato II,0.291139241,Harvest 3,0.809556636,30.32139109,4.43
372,31.05751977,Burera,3,16,Desmodium,0.290085679,Harvest 3,0.796457945,31.85397772,4.39
373,30.26946168,Burera,3,17,Desmodium + maize,0.318996416,Harvest 3,0.855771687,31.12523337,4.5
374,27.89754096,Burera,3,18,Desmodium + Brachiaria,0.302994012,Harvest 3,0.672959826,28.57050079,4.33
375,22.36817198,Burera,3,19,Maize monocrop,0.276218612,Harvest 3,0.645329556,23.01350154,4.46
376,17.5102871,Burera,3,20,Desmodium + Napier,0.323566879,Harvest 3,0.792879551,18.30316665,4.45
377,16.67740187,Burera,3,21,Napier grass,0.296296296,Harvest 3,0.574069251,17.25147112,4.56
378,2.824698603,Burera,4,22,Desmodium + Brachiaria,0.281803543,Harvest 3,0.736390215,3.561088818,4.7
379,22.62666603,Burera,4,23,Maize monocrop,0.272938444,Harvest 3,0.531123292,23.15778932,4.78
380,21.69603589,Burera,4,24,Desmodium,0.266836086,Harvest 3,0.673793128,22.36982902,4.67
381,21.46072367,Burera,4,25,Napier grass,0.280503145,Harvest 3,0.797848129,22.2585718,4.64
382,15.20156127,Burera,4,26,Desmodium + Napier,0.269861286,Harvest 3,0.751781503,15.95334277,4.65
383,14.81120411,Burera,4,27,Brachiaria cv. Mulato II,0.245391705,Harvest 3,0.752057463,15.56326157,4.65
384,13.58659582,Burera,4,28,Desmodium + maize,0.250970246,Harvest 3,0.472950636,14.05954646,4.75
401,7.359821439,Rubona,1,1,Brachiaria cv. Mulato II,0.130560928,Harvest 4,0.120394227,7.480215666,5.4
402,11.01464596,Rubona,1,2,Napier grass,0.133076181,Harvest 4,0.252442526,11.26708849,5.35
403,8.522888204,Rubona,1,3,Desmodium,0.127310062,Harvest 4,0.144811843,8.667700047,5.26
404,6.352971963,Rubona,1,4,Maize monocrop,0.124877089,Harvest 4,0.186434928,6.539406891,5.35
405,9.130697243,Rubona,1,5,Desmodium + maize,0.146169355,Harvest 4,0.210988715,9.341685958,5.44
406,8.931725205,Rubona,1,6,Desmodium + Brachiaria,0.144941634,Harvest 4,0.184012072,9.115737277,5.39
407,4.723163983,Rubona,1,7,Desmodium + Napier,0.108782435,Harvest 4,0.134852502,4.858016485,5.33
408,9.993582554,Rubona,2,8,Desmodium + maize,0.125124131,Harvest 4,0.138062825,10.13164538,5.25
409,10.8110628,Rubona,2,9,Desmodium + Brachiaria,0.124242424,Harvest 4,0.179646253,10.99070905,5.15
410,7.544570662,Rubona,2,10,Napier grass,0.110258869,Harvest 4,0.204110333,7.748680995,5.29
411,9.285814185,Rubona,2,11,Desmodium + Napier,0.120574163,Harvest 4,0.188271941,9.474086126,5.26
412,6.906702459,Rubona,2,12,Desmodium,0.120812183,Harvest 4,0.134626951,7.04132941,5.35
413,8.207608565,Rubona,2,13,Brachiaria cv. Mulato II,0.129719264,Harvest 4,0.116075508,8.323684073,5.26
414,6.77049321,Rubona,2,14,Maize monocrop,0.12371134,Harvest 4,0.141998408,6.912491618,5.31
415,17.35468005,Rubona,3,15,Brachiaria cv. Mulato II,0.138634047,Harvest 4,0.274277913,17.62895796,5.2
416,9.37534822,Rubona,3,16,Desmodium,0.148619958,Harvest 4,0.105407644,9.480755864,5.15
417,9.663907232,Rubona,3,17,Desmodium + maize,0.141187926,Harvest 4,0.122692679,9.786599911,5.31
418,9.826387526,Rubona,3,18,Desmodium + Brachiaria,0.147325933,Harvest 4,0.267850473,10.094238,5.19
419,7.587629933,Rubona,3,19,Maize monocrop,0.143451143,Harvest 4,0.170580116,7.758210049,5.25
420,12.26039107,Rubona,3,20,Desmodium + Napier,0.175858481,Harvest 4,0.158606392,12.41899746,5.52
421,8.503173205,Rubona,3,21,Napier grass,0.138339921,Harvest 4,0.196648568,8.699821773,5.59
422,5.601353197,Rubona,4,22,Desmodium + Brachiaria,0.119725221,Harvest 4,0.070466512,5.671819709,5.42
423,4.735305792,Rubona,4,23,Maize monocrop,0.090558767,Harvest 4,0.135897454,4.871203246,5.45
424,6.943118093,Rubona,4,24,Desmodium,0.113432836,Harvest 4,0.340879002,7.283997095,5.13
425,6.620353029,Rubona,4,25,Napier grass,0.103448276,Harvest 4,0.246429731,6.86678276,5.22
426,8.488663912,Rubona,4,26,Desmodium + Napier,0.107892108,Harvest 4,0.198869104,8.687533016,5.35
427,10.61170116,Rubona,4,27,Brachiaria cv. Mulato II,0.123420797,Harvest 4,0.207606257,10.81930742,5.44
428,8.769436682,Rubona,4,28,Desmodium + maize,0.115459883,Harvest 4,0.109872767,8.879309449,5.37
429,7.701002775,Karama,1,1,Brachiaria cv. Mulato II,0.147031103,Harvest 4,1.319678335,9.02068111,5.9
430,7.39750761,Karama,1,2,Napier grass,0.122823098,Harvest 4,1.401039992,8.798547602,5.61
431,10.15631203,Karama,1,3,Desmodium,0.11942959,Harvest 4,1.098148053,11.25446008,5.54
432,8.257148958,Karama,1,4,Maize monocrop,0.087565674,Harvest 4,0.659309758,8.916458716,5.94
433,9.991247418,Karama,1,5,Desmodium + maize,0.112115732,Harvest 4,0.752942394,10.74418981,5.87
434,8.790565238,Karama,1,6,Desmodium + Brachiaria,0.120218579,Harvest 4,0.866268501,9.656833739,5.76
435,9.993695379,Karama,1,7,Desmodium + Napier,0.120073327,Harvest 4,1.139151304,11.13284668,5.89
436,25.20626064,Karama,2,8,Desmodium + maize,0.118566176,Harvest 4,0.518742701,25.72500334,5.94
437,12.16524928,Karama,2,9,Desmodium + Brachiaria,0.139925373,Harvest 4,1.051612221,13.2168615,6.04
438,9.886801751,Karama,2,10,Napier grass,0.106884058,Harvest 4,1.666617608,11.55341936,5.81
439,7.760101854,Karama,2,11,Desmodium + Napier,0.110607434,Harvest 4,1.248525628,9.008627482,5.84
440,11.56667454,Karama,2,12,Desmodium,0.126940639,Harvest 4,0.957649117,12.52432366,5.61
441,8.240171801,Karama,2,13,Brachiaria cv. Mulato II,0.12010919,Harvest 4,1.056442252,9.296614053,6.1
442,8.793859128,Karama,2,14,Maize monocrop,0.102096627,Harvest 4,0.723209126,9.517068254,6.38
443,8.221302795,Karama,3,15,Brachiaria cv. Mulato II,0.140035907,Harvest 4,0.759481004,8.980783799,6
444,13.68498638,Karama,3,16,Desmodium,0.15048976,Harvest 4,1.209058701,14.89404508,5.63
445,13.1900039,Karama,3,17,Desmodium + maize,0.119113573,Harvest 4,0.918859992,14.10886389,6.03
446,11.55506593,Karama,3,18,Desmodium + Brachiaria,0.1228223,Harvest 4,0.565600062,12.12066599,6.01
447,10.89081122,Karama,3,19,Maize monocrop,0.112554113,Harvest 4,0.618134093,11.50894531,6.13
448,9.381766248,Karama,3,20,Desmodium + Napier,0.127399651,Harvest 4,2.102154926,11.48392117,6.06
449,9.261699882,Karama,3,21,Napier grass,0.143114311,Harvest 4,1.680784995,10.94248488,5.99
450,11.12980191,Karama,4,22,Desmodium + Brachiaria,0.124783362,Harvest 4,1.213560865,12.34336278,5.8
451,9.829159416,Karama,4,23,Maize monocrop,0.111716621,Harvest 4,0.894991908,10.72415132,6.05
452,9.064292812,Karama,4,24,Desmodium,0.129411765,Harvest 4,0.6191503,9.683443112,6.21
453,4.251974118,Karama,4,25,Napier grass,0.122429907,Harvest 4,1.182017077,5.433991195,6.06
454,5.414130632,Karama,4,26,Desmodium + Napier,0.117481203,Harvest 4,1.859331861,7.273462493,6.02
455,12.74669409,Karama,4,27,Brachiaria cv. Mulato II,0.142600897,Harvest 4,1.289333223,14.03602731,6.11
456,11.01534914,Karama,4,28,Desmodium + maize,0.127957932,Harvest 4,0.956034693,11.97138383,6.12